"scenario","replicate","adjusted_rand_index","withinss","class_name"
"initialization",1,1,91.9368390210603,"lead_barium"
"initialization",2,0.50166939077714,111.316680576104,"lead_barium"
"initialization",3,1,91.9368390210603,"lead_barium"
"initialization",4,1,91.9368390210603,"lead_barium"
"initialization",5,1,91.9368390210603,"lead_barium"
"initialization",6,1,91.9368390210603,"lead_barium"
"initialization",7,1,91.9368390210603,"lead_barium"
"initialization",8,0.748096615118115,101.149329383301,"lead_barium"
"initialization",9,0.567311445839896,101.539577616917,"lead_barium"
"initialization",10,0.647228221742261,118.986990964489,"lead_barium"
"initialization",11,1,91.9368390210603,"lead_barium"
"initialization",12,1,91.9368390210603,"lead_barium"
"initialization",13,1,91.9368390210603,"lead_barium"
"initialization",14,1,91.9368390210603,"lead_barium"
"initialization",15,0.646147716519747,116.832397464917,"lead_barium"
"initialization",16,1,91.9368390210603,"lead_barium"
"initialization",17,0.556430996186245,102.233951614814,"lead_barium"
"initialization",18,1,91.9368390210603,"lead_barium"
"initialization",19,1,91.9368390210603,"lead_barium"
"initialization",20,0.420774299369362,105.098276857715,"lead_barium"
"initialization",21,0.554020117932709,111.825310756863,"lead_barium"
"initialization",22,1,91.9368390210603,"lead_barium"
"initialization",23,1,91.9368390210603,"lead_barium"
"initialization",24,1,91.9368390210603,"lead_barium"
"initialization",25,1,91.9368390210603,"lead_barium"
"initialization",26,0.73393918609968,100.406187874168,"lead_barium"
"initialization",27,1,91.9368390210603,"lead_barium"
"initialization",28,1,91.9368390210603,"lead_barium"
"initialization",29,1,91.9368390210603,"lead_barium"
"initialization",30,1,91.9368390210603,"lead_barium"
"initialization",31,1,91.9368390210603,"lead_barium"
"initialization",32,1,91.9368390210603,"lead_barium"
"initialization",33,1,91.9368390210603,"lead_barium"
"initialization",34,1,91.9368390210603,"lead_barium"
"initialization",35,0.646147716519747,116.832397464917,"lead_barium"
"initialization",36,1,91.9368390210603,"lead_barium"
"initialization",37,0.567311445839896,101.539577616917,"lead_barium"
"initialization",38,1,91.9368390210603,"lead_barium"
"initialization",39,1,91.9368390210603,"lead_barium"
"initialization",40,1,91.9368390210603,"lead_barium"
"initialization",41,1,91.9368390210603,"lead_barium"
"initialization",42,1,91.9368390210603,"lead_barium"
"initialization",43,1,91.9368390210603,"lead_barium"
"initialization",44,0.63266186662352,100.958857239286,"lead_barium"
"initialization",45,0.477923744177614,111.223307654093,"lead_barium"
"initialization",46,0.556430996186245,102.233951614814,"lead_barium"
"initialization",47,1,91.9368390210603,"lead_barium"
"initialization",48,1,91.9368390210603,"lead_barium"
"initialization",49,1,91.9368390210603,"lead_barium"
"initialization",50,0.614978514426028,111.453408855466,"lead_barium"
"initialization",51,1,91.9368390210603,"lead_barium"
"initialization",52,1,91.9368390210603,"lead_barium"
"initialization",53,1,91.9368390210603,"lead_barium"
"initialization",54,1,91.9368390210603,"lead_barium"
"initialization",55,1,91.9368390210603,"lead_barium"
"initialization",56,0.641185101428206,100.726968423897,"lead_barium"
"initialization",57,1,91.9368390210603,"lead_barium"
"initialization",58,0.692561076036234,103.638388876076,"lead_barium"
"initialization",59,1,91.9368390210603,"lead_barium"
"initialization",60,1,91.9368390210603,"lead_barium"
"initialization",61,1,91.9368390210603,"lead_barium"
"initialization",62,0.641185101428206,100.726968423897,"lead_barium"
"initialization",63,1,91.9368390210603,"lead_barium"
"initialization",64,0.508028101766592,116.015873850429,"lead_barium"
"initialization",65,1,91.9368390210603,"lead_barium"
"initialization",66,1,91.9368390210603,"lead_barium"
"initialization",67,1,91.9368390210603,"lead_barium"
"initialization",68,1,91.9368390210603,"lead_barium"
"initialization",69,1,91.9368390210603,"lead_barium"
"initialization",70,1,91.9368390210603,"lead_barium"
"initialization",71,1,91.9368390210603,"lead_barium"
"initialization",72,1,91.9368390210603,"lead_barium"
"initialization",73,0.544311459623057,115.414083886161,"lead_barium"
"initialization",74,0.578095864867829,112.841616697626,"lead_barium"
"initialization",75,0.55945889698231,111.939877701754,"lead_barium"
"initialization",76,0.641185101428206,100.726968423897,"lead_barium"
"initialization",77,1,91.9368390210603,"lead_barium"
"initialization",78,1,91.9368390210603,"lead_barium"
"initialization",79,1,91.9368390210603,"lead_barium"
"initialization",80,1,91.9368390210603,"lead_barium"
"initialization",81,1,91.9368390210603,"lead_barium"
"initialization",82,1,91.9368390210603,"lead_barium"
"initialization",83,1,91.9368390210603,"lead_barium"
"initialization",84,1,91.9368390210603,"lead_barium"
"initialization",85,1,91.9368390210603,"lead_barium"
"initialization",86,1,91.9368390210603,"lead_barium"
"initialization",87,1,91.9368390210603,"lead_barium"
"initialization",88,1,91.9368390210603,"lead_barium"
"initialization",89,1,91.9368390210603,"lead_barium"
"initialization",90,0.544311459623057,115.414083886161,"lead_barium"
"initialization",91,1,91.9368390210603,"lead_barium"
"initialization",92,1,91.9368390210603,"lead_barium"
"initialization",93,1,91.9368390210603,"lead_barium"
"initialization",94,1,91.9368390210603,"lead_barium"
"initialization",95,0.63266186662352,100.958857239286,"lead_barium"
"initialization",96,0.556430996186245,102.233951614814,"lead_barium"
"initialization",97,0.528814337614629,111.422205844766,"lead_barium"
"initialization",98,1,91.9368390210603,"lead_barium"
"initialization",99,1,91.9368390210603,"lead_barium"
"initialization",100,1,91.9368390210603,"lead_barium"
"zclr_noise_sd_0.03",1,1,92.4146488288782,"lead_barium"
"zclr_noise_sd_0.03",2,1,91.390037099615,"lead_barium"
"zclr_noise_sd_0.03",3,1,90.893862874947,"lead_barium"
"zclr_noise_sd_0.03",4,1,91.7997239094716,"lead_barium"
"zclr_noise_sd_0.03",5,1,93.3552576953119,"lead_barium"
"zclr_noise_sd_0.03",6,1,92.2045979878391,"lead_barium"
"zclr_noise_sd_0.03",7,1,91.3989943355568,"lead_barium"
"zclr_noise_sd_0.03",8,1,90.9232738297453,"lead_barium"
"zclr_noise_sd_0.03",9,1,91.6589293105325,"lead_barium"
"zclr_noise_sd_0.03",10,1,91.4973994683977,"lead_barium"
"zclr_noise_sd_0.03",11,1,91.5375455390142,"lead_barium"
"zclr_noise_sd_0.03",12,1,92.0931006834376,"lead_barium"
"zclr_noise_sd_0.03",13,1,92.8998970166154,"lead_barium"
"zclr_noise_sd_0.03",14,1,93.2455606577157,"lead_barium"
"zclr_noise_sd_0.03",15,1,92.443852121039,"lead_barium"
"zclr_noise_sd_0.03",16,1,92.3977345603181,"lead_barium"
"zclr_noise_sd_0.03",17,1,92.3934735738235,"lead_barium"
"zclr_noise_sd_0.03",18,1,92.8698981160114,"lead_barium"
"zclr_noise_sd_0.03",19,1,92.4684262670148,"lead_barium"
"zclr_noise_sd_0.03",20,1,93.0607274312783,"lead_barium"
"zclr_noise_sd_0.03",21,1,92.2178601585534,"lead_barium"
"zclr_noise_sd_0.03",22,1,91.5107715701972,"lead_barium"
"zclr_noise_sd_0.03",23,1,92.3822474284974,"lead_barium"
"zclr_noise_sd_0.03",24,1,92.8274651248753,"lead_barium"
"zclr_noise_sd_0.03",25,1,91.7193143160017,"lead_barium"
"zclr_noise_sd_0.03",26,1,92.9897534766657,"lead_barium"
"zclr_noise_sd_0.03",27,1,92.834367421778,"lead_barium"
"zclr_noise_sd_0.03",28,1,91.2864367060504,"lead_barium"
"zclr_noise_sd_0.03",29,1,92.5138357564084,"lead_barium"
"zclr_noise_sd_0.03",30,1,92.345958738151,"lead_barium"
"zclr_noise_sd_0.03",31,1,93.7735138554827,"lead_barium"
"zclr_noise_sd_0.03",32,1,91.9024628956396,"lead_barium"
"zclr_noise_sd_0.03",33,1,92.3518663266181,"lead_barium"
"zclr_noise_sd_0.03",34,1,92.1880859739412,"lead_barium"
"zclr_noise_sd_0.03",35,1,93.5344177256491,"lead_barium"
"zclr_noise_sd_0.03",36,1,92.6397154778048,"lead_barium"
"zclr_noise_sd_0.03",37,1,91.7834507165635,"lead_barium"
"zclr_noise_sd_0.03",38,1,92.6200614983102,"lead_barium"
"zclr_noise_sd_0.03",39,1,91.4662149843061,"lead_barium"
"zclr_noise_sd_0.03",40,1,91.7527720578673,"lead_barium"
"zclr_noise_sd_0.03",41,1,91.560684494489,"lead_barium"
"zclr_noise_sd_0.03",42,1,92.7408559619032,"lead_barium"
"zclr_noise_sd_0.03",43,1,92.2062664046058,"lead_barium"
"zclr_noise_sd_0.03",44,1,93.0481321793656,"lead_barium"
"zclr_noise_sd_0.03",45,1,91.8654305191502,"lead_barium"
"zclr_noise_sd_0.03",46,0.955110862999385,92.0041407209987,"lead_barium"
"zclr_noise_sd_0.03",47,1,92.6507258808832,"lead_barium"
"zclr_noise_sd_0.03",48,1,92.5261873600407,"lead_barium"
"zclr_noise_sd_0.03",49,1,91.6085248798014,"lead_barium"
"zclr_noise_sd_0.03",50,1,92.7279800572723,"lead_barium"
"zclr_noise_sd_0.03",51,1,93.1758424430665,"lead_barium"
"zclr_noise_sd_0.03",52,1,93.1305404036761,"lead_barium"
"zclr_noise_sd_0.03",53,1,91.4620393442016,"lead_barium"
"zclr_noise_sd_0.03",54,1,93.2691809553509,"lead_barium"
"zclr_noise_sd_0.03",55,1,91.9110327974734,"lead_barium"
"zclr_noise_sd_0.03",56,1,92.5175377238082,"lead_barium"
"zclr_noise_sd_0.03",57,1,92.2786799758484,"lead_barium"
"zclr_noise_sd_0.03",58,1,92.8742512328498,"lead_barium"
"zclr_noise_sd_0.03",59,1,91.8241936918836,"lead_barium"
"zclr_noise_sd_0.03",60,1,91.9763716752299,"lead_barium"
"zclr_noise_sd_0.03",61,1,92.3514747792444,"lead_barium"
"zclr_noise_sd_0.03",62,1,91.8650062990981,"lead_barium"
"zclr_noise_sd_0.03",63,1,91.5004533030364,"lead_barium"
"zclr_noise_sd_0.03",64,1,91.6224924067887,"lead_barium"
"zclr_noise_sd_0.03",65,1,92.5733016009668,"lead_barium"
"zclr_noise_sd_0.03",66,1,91.8094076061031,"lead_barium"
"zclr_noise_sd_0.03",67,1,92.1432124739091,"lead_barium"
"zclr_noise_sd_0.03",68,1,92.5985415166557,"lead_barium"
"zclr_noise_sd_0.03",69,1,92.2418399767471,"lead_barium"
"zclr_noise_sd_0.03",70,1,91.0467530774352,"lead_barium"
"zclr_noise_sd_0.03",71,1,92.0910077528706,"lead_barium"
"zclr_noise_sd_0.03",72,1,92.0772567113964,"lead_barium"
"zclr_noise_sd_0.03",73,1,91.4892274493539,"lead_barium"
"zclr_noise_sd_0.03",74,1,92.2781051997608,"lead_barium"
"zclr_noise_sd_0.03",75,1,92.7879275081608,"lead_barium"
"zclr_noise_sd_0.03",76,1,93.3656382510499,"lead_barium"
"zclr_noise_sd_0.03",77,1,92.521655588933,"lead_barium"
"zclr_noise_sd_0.03",78,1,93.0444479909449,"lead_barium"
"zclr_noise_sd_0.03",79,0.943888578749231,92.1466772348108,"lead_barium"
"zclr_noise_sd_0.03",80,1,92.0469687260372,"lead_barium"
"zclr_noise_sd_0.03",81,1,91.8202520732888,"lead_barium"
"zclr_noise_sd_0.03",82,1,91.6734219677937,"lead_barium"
"zclr_noise_sd_0.03",83,1,92.3397168204943,"lead_barium"
"zclr_noise_sd_0.03",84,1,91.7174729016653,"lead_barium"
"zclr_noise_sd_0.03",85,0.943888578749231,91.9313079344333,"lead_barium"
"zclr_noise_sd_0.03",86,1,92.0767965340962,"lead_barium"
"zclr_noise_sd_0.03",87,1,91.6698040980606,"lead_barium"
"zclr_noise_sd_0.03",88,1,92.4708562204011,"lead_barium"
"zclr_noise_sd_0.03",89,1,92.3882861221404,"lead_barium"
"zclr_noise_sd_0.03",90,1,92.6691550546688,"lead_barium"
"zclr_noise_sd_0.03",91,1,91.9614490326398,"lead_barium"
"zclr_noise_sd_0.03",92,1,92.5662182022482,"lead_barium"
"zclr_noise_sd_0.03",93,1,91.7159351681346,"lead_barium"
"zclr_noise_sd_0.03",94,1,92.857837088936,"lead_barium"
"zclr_noise_sd_0.03",95,1,92.0398236381232,"lead_barium"
"zclr_noise_sd_0.03",96,1,91.8899068882272,"lead_barium"
"zclr_noise_sd_0.03",97,1,92.2016127583775,"lead_barium"
"zclr_noise_sd_0.03",98,1,92.1240348477118,"lead_barium"
"zclr_noise_sd_0.03",99,1,92.0846946272559,"lead_barium"
"zclr_noise_sd_0.03",100,1,92.0052960059831,"lead_barium"
"top4_features",1,0.667772750125691,65.6479739978698,"lead_barium"
"top6_features",1,0.893388299623538,124.972793561073,"lead_barium"
"initialization",1,0.592,26.5345463603539,"high_potassium"
"initialization",2,0.592,26.5345463603539,"high_potassium"
"initialization",3,1,11.2740354511308,"high_potassium"
"initialization",4,1,11.2740354511308,"high_potassium"
"initialization",5,1,11.2740354511308,"high_potassium"
"initialization",6,1,11.2740354511308,"high_potassium"
"initialization",7,1,11.2740354511308,"high_potassium"
"initialization",8,1,11.2740354511308,"high_potassium"
"initialization",9,0.592,26.5345463603539,"high_potassium"
"initialization",10,0.626338530903626,24.3216690477142,"high_potassium"
"initialization",11,0.626338530903626,24.3216690477142,"high_potassium"
"initialization",12,1,11.2740354511308,"high_potassium"
"initialization",13,0.592,26.5345463603539,"high_potassium"
"initialization",14,1,11.2740354511308,"high_potassium"
"initialization",15,1,11.2740354511308,"high_potassium"
"initialization",16,1,11.2740354511308,"high_potassium"
"initialization",17,1,11.2740354511308,"high_potassium"
"initialization",18,1,11.2740354511308,"high_potassium"
"initialization",19,1,11.2740354511308,"high_potassium"
"initialization",20,1,11.2740354511308,"high_potassium"
"initialization",21,1,11.2740354511308,"high_potassium"
"initialization",22,0.592,26.5345463603539,"high_potassium"
"initialization",23,1,11.2740354511308,"high_potassium"
"initialization",24,1,11.2740354511308,"high_potassium"
"initialization",25,0.592,26.5345463603539,"high_potassium"
"initialization",26,1,11.2740354511308,"high_potassium"
"initialization",27,1,11.2740354511308,"high_potassium"
"initialization",28,1,11.2740354511308,"high_potassium"
"initialization",29,1,11.2740354511308,"high_potassium"
"initialization",30,0.592,29.0580050060512,"high_potassium"
"initialization",31,0.536776491540517,40.7821050829556,"high_potassium"
"initialization",32,1,11.2740354511308,"high_potassium"
"initialization",33,0.626338530903626,24.3216690477142,"high_potassium"
"initialization",34,0.592,26.5345463603539,"high_potassium"
"initialization",35,0.592,26.5345463603539,"high_potassium"
"initialization",36,1,11.2740354511308,"high_potassium"
"initialization",37,1,11.2740354511308,"high_potassium"
"initialization",38,1,11.2740354511308,"high_potassium"
"initialization",39,0.592,26.5345463603539,"high_potassium"
"initialization",40,1,11.2740354511308,"high_potassium"
"initialization",41,1,11.2740354511308,"high_potassium"
"initialization",42,0.536776491540517,40.7821050829556,"high_potassium"
"initialization",43,1,11.2740354511308,"high_potassium"
"initialization",44,1,11.2740354511308,"high_potassium"
"initialization",45,1,11.2740354511308,"high_potassium"
"initialization",46,1,11.2740354511308,"high_potassium"
"initialization",47,1,11.2740354511308,"high_potassium"
"initialization",48,0.592,29.0580050060512,"high_potassium"
"initialization",49,1,11.2740354511308,"high_potassium"
"initialization",50,0.592,29.0580050060512,"high_potassium"
"initialization",51,1,11.2740354511308,"high_potassium"
"initialization",52,1,11.2740354511308,"high_potassium"
"initialization",53,1,11.2740354511308,"high_potassium"
"initialization",54,1,11.2740354511308,"high_potassium"
"initialization",55,0.626338530903626,30.5319709893079,"high_potassium"
"initialization",56,1,11.2740354511308,"high_potassium"
"initialization",57,1,11.2740354511308,"high_potassium"
"initialization",58,1,11.2740354511308,"high_potassium"
"initialization",59,1,11.2740354511308,"high_potassium"
"initialization",60,0.592,26.5345463603539,"high_potassium"
"initialization",61,1,11.2740354511308,"high_potassium"
"initialization",62,0.626338530903626,30.5319709893079,"high_potassium"
"initialization",63,1,11.2740354511308,"high_potassium"
"initialization",64,1,11.2740354511308,"high_potassium"
"initialization",65,0.592,29.0580050060512,"high_potassium"
"initialization",66,0.536776491540517,40.7821050829556,"high_potassium"
"initialization",67,1,11.2740354511308,"high_potassium"
"initialization",68,1,11.2740354511308,"high_potassium"
"initialization",69,1,11.2740354511308,"high_potassium"
"initialization",70,0.626338530903626,24.3216690477142,"high_potassium"
"initialization",71,1,11.2740354511308,"high_potassium"
"initialization",72,0.626338530903626,30.5319709893079,"high_potassium"
"initialization",73,1,11.2740354511308,"high_potassium"
"initialization",74,0.592,26.5345463603539,"high_potassium"
"initialization",75,1,11.2740354511308,"high_potassium"
"initialization",76,1,11.2740354511308,"high_potassium"
"initialization",77,1,11.2740354511308,"high_potassium"
"initialization",78,1,11.2740354511308,"high_potassium"
"initialization",79,0.592,26.5345463603539,"high_potassium"
"initialization",80,1,11.2740354511308,"high_potassium"
"initialization",81,1,11.2740354511308,"high_potassium"
"initialization",82,1,11.2740354511308,"high_potassium"
"initialization",83,0.592,26.5345463603539,"high_potassium"
"initialization",84,1,11.2740354511308,"high_potassium"
"initialization",85,1,11.2740354511308,"high_potassium"
"initialization",86,0.592,26.5345463603539,"high_potassium"
"initialization",87,1,11.2740354511308,"high_potassium"
"initialization",88,1,11.2740354511308,"high_potassium"
"initialization",89,0.592,26.5345463603539,"high_potassium"
"initialization",90,0.536776491540517,37.0952617870591,"high_potassium"
"initialization",91,1,11.2740354511308,"high_potassium"
"initialization",92,1,11.2740354511308,"high_potassium"
"initialization",93,1,11.2740354511308,"high_potassium"
"initialization",94,1,11.2740354511308,"high_potassium"
"initialization",95,0.626338530903626,24.3216690477142,"high_potassium"
"initialization",96,1,11.2740354511308,"high_potassium"
"initialization",97,1,11.2740354511308,"high_potassium"
"initialization",98,1,11.2740354511308,"high_potassium"
"initialization",99,1,11.2740354511308,"high_potassium"
"initialization",100,1,11.2740354511308,"high_potassium"
"zclr_noise_sd_0.03",1,1,11.6887069288354,"high_potassium"
"zclr_noise_sd_0.03",2,1,11.3147390552245,"high_potassium"
"zclr_noise_sd_0.03",3,1,11.6303594499935,"high_potassium"
"zclr_noise_sd_0.03",4,1,11.1701938128703,"high_potassium"
"zclr_noise_sd_0.03",5,1,11.440886978088,"high_potassium"
"zclr_noise_sd_0.03",6,1,11.1568433440587,"high_potassium"
"zclr_noise_sd_0.03",7,1,11.3233149115772,"high_potassium"
"zclr_noise_sd_0.03",8,1,11.2736333366121,"high_potassium"
"zclr_noise_sd_0.03",9,1,11.3475514253935,"high_potassium"
"zclr_noise_sd_0.03",10,1,11.3402637825359,"high_potassium"
"zclr_noise_sd_0.03",11,1,11.2909308614853,"high_potassium"
"zclr_noise_sd_0.03",12,1,11.4151057028996,"high_potassium"
"zclr_noise_sd_0.03",13,1,11.0997929255347,"high_potassium"
"zclr_noise_sd_0.03",14,1,11.692487027973,"high_potassium"
"zclr_noise_sd_0.03",15,1,11.5537047681646,"high_potassium"
"zclr_noise_sd_0.03",16,1,11.3697337757889,"high_potassium"
"zclr_noise_sd_0.03",17,1,11.0310789214834,"high_potassium"
"zclr_noise_sd_0.03",18,1,11.2825325382448,"high_potassium"
"zclr_noise_sd_0.03",19,1,11.2855983459225,"high_potassium"
"zclr_noise_sd_0.03",20,1,11.3323744341212,"high_potassium"
"zclr_noise_sd_0.03",21,1,11.1535706642238,"high_potassium"
"zclr_noise_sd_0.03",22,1,11.4489701440709,"high_potassium"
"zclr_noise_sd_0.03",23,1,11.2073198137754,"high_potassium"
"zclr_noise_sd_0.03",24,1,11.1916440170386,"high_potassium"
"zclr_noise_sd_0.03",25,1,11.5642726513311,"high_potassium"
"zclr_noise_sd_0.03",26,1,11.1727033485841,"high_potassium"
"zclr_noise_sd_0.03",27,1,11.4959241072849,"high_potassium"
"zclr_noise_sd_0.03",28,1,11.1565224676736,"high_potassium"
"zclr_noise_sd_0.03",29,1,11.4169971423199,"high_potassium"
"zclr_noise_sd_0.03",30,1,11.5076276705067,"high_potassium"
"zclr_noise_sd_0.03",31,1,11.8045709702406,"high_potassium"
"zclr_noise_sd_0.03",32,1,11.5509279323466,"high_potassium"
"zclr_noise_sd_0.03",33,1,11.2661786632273,"high_potassium"
"zclr_noise_sd_0.03",34,1,11.4425109822679,"high_potassium"
"zclr_noise_sd_0.03",35,1,11.3815626594544,"high_potassium"
"zclr_noise_sd_0.03",36,1,11.3507120056,"high_potassium"
"zclr_noise_sd_0.03",37,1,11.3888355843267,"high_potassium"
"zclr_noise_sd_0.03",38,1,11.5132168078891,"high_potassium"
"zclr_noise_sd_0.03",39,1,11.2907606739217,"high_potassium"
"zclr_noise_sd_0.03",40,1,11.3036220995338,"high_potassium"
"zclr_noise_sd_0.03",41,1,11.3567621949309,"high_potassium"
"zclr_noise_sd_0.03",42,1,11.3165518898353,"high_potassium"
"zclr_noise_sd_0.03",43,1,11.047105893996,"high_potassium"
"zclr_noise_sd_0.03",44,1,11.3151472657146,"high_potassium"
"zclr_noise_sd_0.03",45,1,11.4159088103643,"high_potassium"
"zclr_noise_sd_0.03",46,1,11.0715453842093,"high_potassium"
"zclr_noise_sd_0.03",47,1,11.6043136288695,"high_potassium"
"zclr_noise_sd_0.03",48,1,11.3683481795089,"high_potassium"
"zclr_noise_sd_0.03",49,1,11.4637294778558,"high_potassium"
"zclr_noise_sd_0.03",50,1,11.53712680115,"high_potassium"
"zclr_noise_sd_0.03",51,1,11.315843943307,"high_potassium"
"zclr_noise_sd_0.03",52,1,11.3500356415941,"high_potassium"
"zclr_noise_sd_0.03",53,1,11.0161807701697,"high_potassium"
"zclr_noise_sd_0.03",54,1,11.2445946596233,"high_potassium"
"zclr_noise_sd_0.03",55,1,11.3163661649162,"high_potassium"
"zclr_noise_sd_0.03",56,1,11.2938713910907,"high_potassium"
"zclr_noise_sd_0.03",57,1,11.3834989894754,"high_potassium"
"zclr_noise_sd_0.03",58,1,11.6469716607747,"high_potassium"
"zclr_noise_sd_0.03",59,1,11.0011076890496,"high_potassium"
"zclr_noise_sd_0.03",60,1,11.3908888643898,"high_potassium"
"zclr_noise_sd_0.03",61,1,11.6266021236774,"high_potassium"
"zclr_noise_sd_0.03",62,1,11.0181115742955,"high_potassium"
"zclr_noise_sd_0.03",63,1,11.0703146736941,"high_potassium"
"zclr_noise_sd_0.03",64,1,11.3858572457361,"high_potassium"
"zclr_noise_sd_0.03",65,1,11.4937470118432,"high_potassium"
"zclr_noise_sd_0.03",66,1,11.2484444948312,"high_potassium"
"zclr_noise_sd_0.03",67,1,11.0602654158565,"high_potassium"
"zclr_noise_sd_0.03",68,1,10.8746345017809,"high_potassium"
"zclr_noise_sd_0.03",69,1,11.4019623065886,"high_potassium"
"zclr_noise_sd_0.03",70,1,10.7784080214584,"high_potassium"
"zclr_noise_sd_0.03",71,1,11.5340337724843,"high_potassium"
"zclr_noise_sd_0.03",72,1,11.4196637842952,"high_potassium"
"zclr_noise_sd_0.03",73,1,11.1553956279779,"high_potassium"
"zclr_noise_sd_0.03",74,1,11.6087685641403,"high_potassium"
"zclr_noise_sd_0.03",75,1,11.1220701056309,"high_potassium"
"zclr_noise_sd_0.03",76,1,11.3204738960326,"high_potassium"
"zclr_noise_sd_0.03",77,1,11.2221614243116,"high_potassium"
"zclr_noise_sd_0.03",78,1,11.408694804942,"high_potassium"
"zclr_noise_sd_0.03",79,1,11.4652286025083,"high_potassium"
"zclr_noise_sd_0.03",80,1,11.1901478348451,"high_potassium"
"zclr_noise_sd_0.03",81,1,11.668239448297,"high_potassium"
"zclr_noise_sd_0.03",82,1,11.3555305830175,"high_potassium"
"zclr_noise_sd_0.03",83,1,11.2875512388369,"high_potassium"
"zclr_noise_sd_0.03",84,1,11.1543931384928,"high_potassium"
"zclr_noise_sd_0.03",85,1,11.3759295625157,"high_potassium"
"zclr_noise_sd_0.03",86,1,11.401600123892,"high_potassium"
"zclr_noise_sd_0.03",87,1,11.375867221059,"high_potassium"
"zclr_noise_sd_0.03",88,1,11.5058558202322,"high_potassium"
"zclr_noise_sd_0.03",89,1,11.188811150452,"high_potassium"
"zclr_noise_sd_0.03",90,1,11.334127159025,"high_potassium"
"zclr_noise_sd_0.03",91,1,10.9044493593972,"high_potassium"
"zclr_noise_sd_0.03",92,1,11.0410829998334,"high_potassium"
"zclr_noise_sd_0.03",93,1,11.3705416233209,"high_potassium"
"zclr_noise_sd_0.03",94,1,11.0029894197628,"high_potassium"
"zclr_noise_sd_0.03",95,1,11.3348070590377,"high_potassium"
"zclr_noise_sd_0.03",96,1,11.3537315541408,"high_potassium"
"zclr_noise_sd_0.03",97,1,11.4939020813355,"high_potassium"
"zclr_noise_sd_0.03",98,1,11.8035285367477,"high_potassium"
"zclr_noise_sd_0.03",99,1,11.2204008163755,"high_potassium"
"zclr_noise_sd_0.03",100,1,11.4714311115914,"high_potassium"
"top4_features",1,1,10.711943372393,"high_potassium"
"top6_features",1,1,23.8253911887944,"high_potassium"
