"cp","accuracy","balanced_accuracy","macro_f1"
0,0.91044776119403,0.833333333333333,0.871153846153846
5e-04,0.91044776119403,0.833333333333333,0.871153846153846
0.001,0.91044776119403,0.833333333333333,0.871153846153846
0.002,0.91044776119403,0.833333333333333,0.871153846153846
0.005,0.91044776119403,0.833333333333333,0.871153846153846
0.01,0.91044776119403,0.833333333333333,0.871153846153846
0.02,0.91044776119403,0.833333333333333,0.871153846153846
0.05,0.91044776119403,0.833333333333333,0.871153846153846
0.1,0.91044776119403,0.833333333333333,0.871153846153846
