"model","ncomp","accuracy","balanced_accuracy","macro_f1","rmsep_lead_barium","rmsep_high_potassium","rmsep_overall"
"main_14clr",1,0.985074626865672,0.972222222222222,0.980663780663781,0.209540866005232,0.209540866005232,0.209540866005232
"main_14clr",2,0.955223880597015,0.916666666666667,0.93969396939694,0.206419669953393,0.206419669953393,0.206419669953393
"main_14clr",3,0.955223880597015,0.916666666666667,0.93969396939694,0.207263290687294,0.207263290687294,0.207263290687294
"main_14clr",4,0.955223880597015,0.916666666666667,0.93969396939694,0.204231194534132,0.204231194534132,0.204231194534132
"main_14clr",5,0.955223880597015,0.916666666666667,0.93969396939694,0.198910468837236,0.198910468837236,0.198910468837236
"compact_4clr",1,0.985074626865672,0.972222222222222,0.980663780663781,0.201050239610294,0.201050239610294,0.201050239610294
"compact_4clr",2,0.970149253731343,0.944444444444444,0.960588235294118,0.195032614529752,0.195032614529752,0.195032614529752
"compact_4clr",3,0.970149253731343,0.944444444444444,0.960588235294118,0.188903708336715,0.188903708336715,0.188903708336715
"compact_4clr",4,0.985074626865672,0.972222222222222,0.980663780663781,0.174996619641385,0.174996619641385,0.174996619641385
