"sample_name","artifact_id","glass_type","component","point_level","is_extrapolation","median","lower95","upper95"
"07","07","高钾","component_1",1,FALSE,83.515033797567,75.6439792485902,88.372520531915
"07","07","高钾","component_2",1,FALSE,0.0281140324330308,0.0111416397255134,0.0746339538720725
"07","07","高钾","component_3",1,FALSE,0.167402831104654,0.0881129135808822,0.374774970310546
"07","07","高钾","component_4",1,FALSE,2.54501214578993,1.43178601960933,5.61911859762812
"07","07","高钾","component_5",1,FALSE,0.0572147523824256,0.0234101208888977,0.141710267761706
"07","07","高钾","component_6",1,FALSE,6.37636933325999,3.53703058893782,12.1860793248532
"07","07","高钾","component_7",1,FALSE,0.342742223857075,0.137697100838813,0.9009213218409
"07","07","高钾","component_8",1,FALSE,4.47843465023731,2.14356203264985,10.2428290856757
"07","07","高钾","component_9",1,FALSE,0.0360171608949488,0.0149954162310279,0.115880821787515
"07","07","高钾","component_10",1,FALSE,0.0339601835181139,0.0117723252870018,0.0902818935966377
"07","07","高钾","component_11",1,FALSE,1.34331439358114,0.530325821748087,3.70308257017265
"07","07","高钾","component_12",1,FALSE,0.0273253381147058,0.0117661190874545,0.0709898918573422
"07","07","高钾","component_13",1,FALSE,0.0264804197267022,0.0114523110152127,0.0748278762949769
"07","07","高钾","component_14",1,FALSE,0.0285610016625697,0.0105591090134594,0.0816535108605417
"09","09","高钾","component_1",1,FALSE,84.5168403037992,78.5612428844048,88.9298884612626
"09","09","高钾","component_2",1,FALSE,0.0278940016696695,0.0112010701549274,0.0743171554724905
"09","09","高钾","component_3",1,FALSE,4.91913867521998,2.68008171405663,10.3617247880462
"09","09","高钾","component_4",1,FALSE,1.46471013049147,0.817841616653225,3.32778247841715
"09","09","高钾","component_5",1,FALSE,0.0567372947158264,0.0227691991987392,0.140470316095519
"09","09","高钾","component_6",1,FALSE,4.19391762204412,2.30546588806011,8.3358590040748
"09","09","高钾","component_7",1,FALSE,0.640128579659706,0.260154006646981,1.65147249545089
"09","09","高钾","component_8",1,FALSE,2.12015028932663,1.00053762689941,5.00685848044869
"09","09","高钾","component_9",1,FALSE,0.0355688085018875,0.0147202982269204,0.116208589659791
"09","09","高钾","component_10",1,FALSE,0.033597621716422,0.0117259471084339,0.0898019999393022
"09","09","高钾","component_11",1,FALSE,0.761709394548317,0.300751616103999,2.12667697414524
"09","09","高钾","component_12",1,FALSE,0.0269584150083546,0.0117562541924046,0.069863183846268
"09","09","高钾","component_13",1,FALSE,0.0262063023247454,0.0114075258800461,0.0757001219951821
"09","09","高钾","component_14",1,FALSE,0.0282303214034086,0.0104895307774111,0.0801987977171843
"10","10","高钾","component_1",1,FALSE,86.626791807745,78.9904964793803,90.6935211369205
"10","10","高钾","component_2",1,FALSE,0.0280199657540419,0.0113112545880651,0.0736532890897477
"10","10","高钾","component_3",1,FALSE,7.68517014435452,4.29807059690383,15.6676900456691
"10","10","高钾","component_4",1,FALSE,0.494187713130801,0.276478619311448,1.1670307631561
"10","10","高钾","component_5",1,FALSE,0.0570085761176308,0.0225706401386516,0.14184798794525
"10","10","高钾","component_6",1,FALSE,2.5772227983228,1.4143540220278,5.19154075122297
"10","10","高钾","component_7",1,FALSE,0.519591289652326,0.215656139273346,1.33857581182646
"10","10","高钾","component_8",1,FALSE,1.15415686088402,0.537277988600452,2.76369472677475
"10","10","高钾","component_9",1,FALSE,0.0358137891004643,0.0146778100923245,0.118246080133144
"10","10","高钾","component_10",1,FALSE,0.0336529506763121,0.0116487349269608,0.0895800674303693
"10","10","高钾","component_11",1,FALSE,0.04375990032634,0.0170910147663843,0.122539794028411
"10","10","高钾","component_12",1,FALSE,0.0269657171601961,0.0117963585042485,0.0698328008598746
"10","10","高钾","component_13",1,FALSE,0.0263035538705389,0.0115183287836668,0.0763121868665777
"10","10","高钾","component_14",1,FALSE,0.0282660306330936,0.0105783079399119,0.080131384131571
"12","12","高钾","component_1",1,FALSE,81.2660540902135,73.3454884605809,86.5723857368377
"12","12","高钾","component_2",1,FALSE,0.0268973649329011,0.0109288956151577,0.0713444243332902
"12","12","高钾","component_3",1,FALSE,8.16194998292946,4.51845783714986,16.5979256486962
"12","12","高钾","component_4",1,FALSE,1.63927985790086,0.919251086190543,3.78054785734737
"12","12","高钾","component_5",1,FALSE,0.0549054463961737,0.021854917699759,0.136281619217281
"12","12","高钾","component_6",1,FALSE,4.4863192457059,2.44809812716313,8.84903383424655
"12","12","高钾","component_7",1,FALSE,0.559371947106835,0.231053210847884,1.43985744569731
"12","12","高钾","component_8",1,FALSE,2.1877398781959,1.030277800643,5.18028575131471
"12","12","高钾","component_9",1,FALSE,0.0343368946605779,0.0141297352718997,0.112614493613316
"12","12","高钾","component_10",1,FALSE,0.0323244732565784,0.0111342423037965,0.0866554591150392
"12","12","高钾","component_11",1,FALSE,0.315811463993292,0.124451388967862,0.880598267527468
"12","12","高钾","component_12",1,FALSE,0.0259721174256428,0.0113477421585101,0.0673361044664595
"12","12","高钾","component_13",1,FALSE,0.0253832935708077,0.0110733580010247,0.073729913964795
"12","12","高钾","component_14",1,FALSE,0.0272406735832915,0.0101020272921046,0.07678946726028
"22","22","高钾","component_1",1,FALSE,75.2880353481549,66.8415499083967,81.9053684747791
"22","22","高钾","component_2",1,FALSE,0.0256757508329274,0.0100346247620466,0.067142231636171
"22","22","高钾","component_3",1,FALSE,5.65202292016312,3.09363407986778,11.7228835262538
"22","22","高钾","component_4",1,FALSE,3.58344272522947,2.00154235663142,8.02129871796144
"22","22","高钾","component_5",1,FALSE,1.67301384346496,0.680145909386175,4.02650900349513
"22","22","高钾","component_6",1,FALSE,10.2387727456706,5.72274254789424,19.017501138147
"22","22","高钾","component_7",1,FALSE,0.640788603802168,0.260266390062353,1.64346235819256
"22","22","高钾","component_8",1,FALSE,0.692711057136101,0.320789470537538,1.66194955641593
"22","22","高钾","component_9",1,FALSE,0.0325844299699643,0.0134198015100004,0.10668575280923
"22","22","高钾","component_10",1,FALSE,0.0305878719250803,0.0107745947717866,0.0829267449905657
"22","22","高钾","component_11",1,FALSE,0.417507595712579,0.166493109547269,1.16155192029073
"22","22","高钾","component_12",1,FALSE,0.0246960337771085,0.0106944820243032,0.0639205836461369
"22","22","高钾","component_13",1,FALSE,0.024215301149941,0.0105378541755972,0.0693578616950749
"22","22","高钾","component_14",1,FALSE,0.0259969018331797,0.00946739810448779,0.0726914475172297
"27","27","高钾","component_1",1,FALSE,83.581575670323,75.6833545792029,88.1961106756379
"27","27","高钾","component_2",1,FALSE,0.027811838674744,0.0109346115808605,0.0744051359930491
"27","27","高钾","component_3",1,FALSE,0.165608870579774,0.0880279030996837,0.369084724927719
"27","27","高钾","component_4",1,FALSE,2.22974470639239,1.24656888251311,5.00020371444815
"27","27","高钾","component_5",1,FALSE,1.55298738068091,0.643284697501697,3.75410513113801
"27","27","高钾","component_6",1,FALSE,8.07236751238909,4.50109174334411,15.2366912626427
"27","27","高钾","component_7",1,FALSE,0.403304085792454,0.161552060579889,1.06284665725287
"27","27","高钾","component_8",1,FALSE,2.12158520183136,1.00031140542057,5.01473525115886
"27","27","高钾","component_9",1,FALSE,0.0356554757257264,0.0148066076067269,0.114126179197157
"27","27","高钾","component_10",1,FALSE,0.0334057708864424,0.0117778640108813,0.0894333567809684
"27","27","高钾","component_11",1,FALSE,0.790242317109034,0.312671559988377,2.19040361389475
"27","27","高钾","component_12",1,FALSE,0.0270579711173528,0.0116128032269926,0.0704198549169519
"27","27","高钾","component_13",1,FALSE,0.0262466402939757,0.0113024588001891,0.0747636731999495
"27","27","高钾","component_14",1,FALSE,0.0284128906601452,0.0104230071080218,0.0799261514972524
"02","02","铅钡","component_1",1,FALSE,67.3075371941618,62.1729437851715,71.9692173554868
"02","02","铅钡","component_2",1,FALSE,0.0262499721034538,0.0142978168372398,0.0441947737284486
"02","02","铅钡","component_3",1,FALSE,1.09113223262614,0.663595270029659,1.81655518113174
"02","02","铅钡","component_4",1,FALSE,1.11120916812917,0.707715669615351,1.83998145570485
"02","02","铅钡","component_5",1,FALSE,1.10477821111072,0.614241299357802,1.95321476207466
"02","02","铅钡","component_6",1,FALSE,6.54116299391286,4.39225805234942,9.73418577561211
"02","02","铅钡","component_7",1,FALSE,1.40623922036549,0.824424535368793,2.43041241879633
"02","02","铅钡","component_8",1,FALSE,0.170324105005203,0.104509460924857,0.278912215592186
"02","02","铅钡","component_9",1,FALSE,19.5794039056855,16.0929441114412,23.7644594110101
"02","02","铅钡","component_10",1,FALSE,0.0215227946271748,0.0152974482147222,0.0306329049133209
"02","02","铅钡","component_11",1,FALSE,1.02867596627776,0.625944536861672,1.67297249624149
"02","02","铅钡","component_12",1,FALSE,0.130396537036167,0.0774329536957283,0.211902724720316
"02","02","铅钡","component_13",1,FALSE,0.0181527820645266,0.0105797189383112,0.0307844662349243
"02","02","铅钡","component_14",1,FALSE,0.0149754770788364,0.00857845167690257,0.027090863961638
"08","08","铅钡","component_1",1,FALSE,38.9902294848918,32.8030210137589,45.2763168847541
"08","08","铅钡","component_2",1,FALSE,0.0273371230093203,0.0143888513920172,0.0457443088592397
"08","08","铅钡","component_3",1,FALSE,0.0215333105876916,0.0126107315187077,0.0369924419735631
"08","08","铅钡","component_4",1,FALSE,0.732706511507533,0.462857010569262,1.22693047475717
"08","08","铅钡","component_5",1,FALSE,0.019421694721486,0.0110566627764718,0.0349564138295222
"08","08","铅钡","component_6",1,FALSE,1.60364193954688,1.02432327952113,2.42813918018839
"08","08","铅钡","component_7",1,FALSE,0.015867008336683,0.00896952021657083,0.0269831089202433
"08","08","铅钡","component_8",1,FALSE,7.08452610924374,4.51899268484818,11.4420855075307
"08","08","铅钡","component_9",1,FALSE,12.3758880191153,9.8082629144949,15.2560325045423
"08","08","铅钡","component_10",1,FALSE,35.0743414044472,27.7233824888707,43.3813654544997
"08","08","铅钡","component_11",1,FALSE,1.0776835316606,0.633153545944557,1.80276799658569
"08","08","铅钡","component_12",1,FALSE,0.265055415129655,0.155970683459002,0.441017932031994
"08","08","铅钡","component_13",1,FALSE,0.0188834906461988,0.0109985679731541,0.032329395439155
"08","08","铅钡","component_14",1,FALSE,2.03622458507639,1.16036471201525,3.54991156956647
"08严重风化点","08","铅钡","component_1",2,TRUE,11.4602638292734,9.11735758723241,14.4648812709303
"08严重风化点","08","铅钡","component_2",2,TRUE,0.0343862916664387,0.0182059259546129,0.0597227330406059
"08严重风化点","08","铅钡","component_3",2,TRUE,0.0272898905746199,0.0157576757470686,0.046906880158684
"08严重风化点","08","铅钡","component_4",2,TRUE,2.03879763210985,1.26252975923623,3.4725788916421
"08严重风化点","08","铅钡","component_5",2,TRUE,0.0244543883332962,0.0139726807140295,0.0442040544482308
"08严重风化点","08","铅钡","component_6",2,TRUE,1.7174593586978,1.07788436110328,2.63770996956603
"08严重风化点","08","铅钡","component_7",2,TRUE,0.0201993813480579,0.0110666219601052,0.0342283842523866
"08严重风化点","08","铅钡","component_8",2,TRUE,2.76600267121017,1.69273973018377,4.6133778951767
"08严重风化点","08","铅钡","component_9",2,TRUE,17.9607185279787,14.0142561615486,22.0887869310053
"08严重风化点","08","铅钡","component_10",2,TRUE,44.3558958918781,35.6518984452232,53.6930313610244
"08严重风化点","08","铅钡","component_11",2,TRUE,2.93091590827253,1.6965559243412,4.84949937731558
"08严重风化点","08","铅钡","component_12",2,TRUE,0.488023140285289,0.276371325704011,0.82422339815946
"08严重风化点","08","铅钡","component_13",2,TRUE,0.0240328553200046,0.0139210522937936,0.0408256174836024
"08严重风化点","08","铅钡","component_14",2,TRUE,15.2616962873912,9.20267902935932,24.2969875760979
"11","11","铅钡","component_1",1,FALSE,61.8329063422938,56.1566957907275,66.8795028378091
"11","11","铅钡","component_2",1,FALSE,0.0248291562996715,0.0134524375145156,0.0415282468794196
"11","11","铅钡","component_3",1,FALSE,0.215395624600426,0.129195208147837,0.365782286224242
"11","11","铅钡","component_4",1,FALSE,1.65026164092844,1.04949747855563,2.72869152793443
"11","11","铅钡","component_5",1,FALSE,0.653866034637668,0.375386239087295,1.15622425504641
"11","11","铅钡","component_6",1,FALSE,3.03550467501589,2.00731059591686,4.6156279453896
"11","11","铅钡","component_7",1,FALSE,0.014283679853334,0.00819278612290938,0.0245382768499953
"11","11","铅钡","component_8",1,FALSE,3.17854047589171,1.99952962078105,5.19545260510484
"11","11","铅钡","component_9",1,FALSE,10.3766376039869,8.39452938492975,12.7367072508464
"11","11","铅钡","component_10",1,FALSE,15.5857172810889,11.536233668792,20.7631135034625
"11","11","铅钡","component_11",1,FALSE,2.6732134437803,1.62067640979505,4.41480748409835
"11","11","铅钡","component_12",1,FALSE,0.251319383821519,0.149855131339738,0.409643784441526
"11","11","铅钡","component_13",1,FALSE,0.0171901789575967,0.00996344687440796,0.0291422922676912
"11","11","铅钡","component_14",1,FALSE,0.0142060250377768,0.00812642233383845,0.0252134307668104
"19","19","铅钡","component_1",1,FALSE,60.3977968214139,55.3072409191343,65.2871342578177
"19","19","铅钡","component_2",1,FALSE,0.0284477218915906,0.0154978879842297,0.0475088787770999
"19","19","铅钡","component_3",1,FALSE,0.0224858232457217,0.0135640475761253,0.0381310108780832
"19","19","铅钡","component_4",1,FALSE,1.52949964594856,0.977322313740808,2.51480281678327
"19","19","铅钡","component_5",1,FALSE,0.603480824565319,0.340870943862549,1.06272958818573
"19","19","铅钡","component_6",1,FALSE,4.48534054594439,2.99758503141578,6.72958267344384
"19","19","铅钡","component_7",1,FALSE,1.10735690395355,0.63782778402755,1.89902273169027
"19","19","铅钡","component_8",1,FALSE,2.52484876062426,1.57962886341227,4.09018710809551
"19","19","铅钡","component_9",1,FALSE,19.4484033107107,16.0403265931942,23.4019098454365
"19","19","铅钡","component_10",1,FALSE,6.32352739540973,4.58749977401987,8.76549935837149
"19","19","铅钡","component_11",1,FALSE,2.78802646603338,1.70232548769526,4.55319492506892
"19","19","铅钡","component_12",1,FALSE,0.143498372157649,0.0856141618529727,0.231349816289137
"19","19","铅钡","component_13",1,FALSE,0.0198349636824406,0.0114359784472636,0.0337508894839425
"19","19","铅钡","component_14",1,FALSE,0.0162788225880859,0.00939755848467625,0.0292107231752476
"26","26","铅钡","component_1",1,FALSE,38.4585621811579,32.2555755789683,44.8870280058754
"26","26","铅钡","component_2",1,FALSE,0.0274457677107981,0.0144483962142216,0.0460551946257644
"26","26","铅钡","component_3",1,FALSE,0.0216358484621134,0.012628472327849,0.0372095833803517
"26","26","铅钡","component_4",1,FALSE,0.715797895411568,0.451286118157208,1.19819853945156
"26","26","铅钡","component_5",1,FALSE,0.01950292832176,0.0111328677152395,0.0351146743855433
"26","26","铅钡","component_6",1,FALSE,0.84156012877265,0.534817863054737,1.27811367661654
"26","26","铅钡","component_7",1,FALSE,0.0159280117766403,0.00897138618276715,0.0270792401366861
"26","26","铅钡","component_8",1,FALSE,7.23094857975623,4.62742214407867,11.7060789614097
"26","26","铅钡","component_9",1,FALSE,12.7922745540953,10.1347948988717,15.7690637469601
"26","26","铅钡","component_10",1,FALSE,36.3798853321642,28.8214276605124,44.8286858916701
"26","26","铅钡","component_11",1,FALSE,0.943591112946871,0.555082033774478,1.58254577508418
"26","26","铅钡","component_12",1,FALSE,0.323951856576743,0.19019183621573,0.538067455695733
"26","26","铅钡","component_13",1,FALSE,0.0189938401331795,0.0110395833979552,0.0325079448377629
"26","26","铅钡","component_14",1,FALSE,1.55281898370931,0.881155223160728,2.71500004093501
"26严重风化点","26","铅钡","component_1",2,TRUE,8.83237381662922,6.92488870573169,11.2474241997513
"26严重风化点","26","铅钡","component_2",2,TRUE,0.0334279169897051,0.0174492479397781,0.0582010161630851
"26严重风化点","26","铅钡","component_3",2,TRUE,0.529623314885409,0.30392644077198,0.907153896000298
"26严重风化点","26","铅钡","component_4",2,TRUE,1.8334977029134,1.1323861208406,3.1672018906314
"26严重风化点","26","铅钡","component_5",2,TRUE,0.0237347305892208,0.0135543915527809,0.0430431416533752
"26严重风化点","26","铅钡","component_6",2,TRUE,1.7406587104055,1.08896025768854,2.68606586317086
"26严重风化点","26","铅钡","component_7",2,TRUE,0.0196331007505051,0.0106922407435274,0.0334760932243538
"26严重风化点","26","铅钡","component_8",2,TRUE,3.02781787651296,1.84526506983987,5.06203756896087
"26严重风化点","26","铅钡","component_9",2,TRUE,15.8306943024813,12.2088300618175,19.6498027665098
"26严重风化点","26","铅钡","component_10",2,TRUE,49.0439984312061,39.8286996219906,58.2765742216203
"26严重风化点","26","铅钡","component_11",2,TRUE,2.23413601973136,1.28094676975,3.75363169217954
"26严重风化点","26","铅钡","component_12",2,TRUE,0.544359137401451,0.309595939096647,0.926169460724543
"26严重风化点","26","铅钡","component_13",2,TRUE,0.0233793838418478,0.0134446390201498,0.0397590858693241
"26严重风化点","26","铅钡","component_14",2,TRUE,15.4717468715227,9.30945443916665,24.5527806592183
"34","34","铅钡","component_1",1,FALSE,65.8801631467309,60.6688084871462,70.9205010608836
"34","34","铅钡","component_2",1,FALSE,0.0253799078332148,0.0137037814113179,0.0428378864958256
"34","34","铅钡","component_3",1,FALSE,0.256618404702075,0.154033509870438,0.434905572452111
"34","34","铅钡","component_4",1,FALSE,0.36611065522244,0.233357970889433,0.61017267152908
"34","34","铅钡","component_5",1,FALSE,0.0180166438881545,0.0101989599784055,0.0324022257875276
"34","34","铅钡","component_6",1,FALSE,1.83816919185307,1.21684790014069,2.78566327679985
"34","34","铅钡","component_7",1,FALSE,0.353941266066839,0.201801363136678,0.60761330745401
"34","34","铅钡","component_8",1,FALSE,0.979099496042446,0.60651009511545,1.6134642122503
"34","34","铅钡","component_9",1,FALSE,19.0740505125115,15.7129149703893,23.0854480232453
"34","34","铅钡","component_10",1,FALSE,10.6827585037442,7.84644665464227,14.5483622442354
"34","34","铅钡","component_11",1,FALSE,0.0970863144766189,0.0583590128301525,0.161739716067741
"34","34","铅钡","component_12",1,FALSE,0.15001322332659,0.0887881208348424,0.244003395494916
"34","34","铅钡","component_13",1,FALSE,0.0176436264980279,0.0101778082515358,0.0300304402816128
"34","34","铅钡","component_14",1,FALSE,0.0145762995221643,0.00833471052014728,0.026018072109026
"36","36","铅钡","component_1",1,FALSE,67.6838407168949,62.5622750442705,72.4355474175323
"36","36","铅钡","component_2",1,FALSE,2.68019363068029,1.46524810186616,4.44417171446562
"36","36","铅钡","component_3",1,FALSE,0.133657907664154,0.0798337997483154,0.226354704154163
"36","36","铅钡","component_4",1,FALSE,0.16154250956512,0.102887388625716,0.268436552482541
"36","36","铅钡","component_5",1,FALSE,0.0167559381430388,0.0095665458105055,0.0300894912333386
"36","36","铅钡","component_6",1,FALSE,1.68460863557616,1.11358750303582,2.56449982973905
"36","36","铅钡","component_7",1,FALSE,0.223305103181846,0.128335100593496,0.384796500232748
"36","36","铅钡","component_8",1,FALSE,0.409353406027143,0.251138722111098,0.675722725976259
"36","36","铅钡","component_9",1,FALSE,15.8539171958211,12.9554307608776,19.3251089561797
"36","36","铅钡","component_10",1,FALSE,10.7655359258839,7.91802411693144,14.6663923660211
"36","36","铅钡","component_11",1,FALSE,0.0185741196193278,0.0111920120660698,0.0307839012492646
"36","36","铅钡","component_12",1,FALSE,0.139392226695205,0.0828420924399105,0.226762541229802
"36","36","铅钡","component_13",1,FALSE,0.0164167193611904,0.0095216373645184,0.0279612656638939
"36","36","铅钡","component_14",1,FALSE,0.01354188922905,0.00771564784431256,0.0242585612099505
"38","38","铅钡","component_1",1,FALSE,62.0106898296533,56.6530830531227,67.1317409104834
"38","38","铅钡","component_2",1,FALSE,1.83787130079735,1.00141375185787,3.06519153177212
"38","38","铅钡","component_3",1,FALSE,0.0207050709208791,0.0124333497616489,0.0349911668034432
"38","38","铅钡","component_4",1,FALSE,0.32660519176663,0.208096592183449,0.544255866066258
"38","38","铅钡","component_5",1,FALSE,0.0186333601021392,0.010518726267388,0.0334033868216771
"38","38","铅钡","component_6",1,FALSE,2.98076109781805,1.97976017213387,4.48605259042659
"38","38","铅钡","component_7",1,FALSE,0.223094536501461,0.127908371346988,0.384893040199327
"38","38","铅钡","component_8",1,FALSE,0.483209066294116,0.298216499304798,0.798202318421282
"38","38","铅钡","component_9",1,FALSE,20.6655468747593,17.1441089691933,24.8036670311157
"38","38","铅钡","component_10",1,FALSE,10.6715241562855,7.91659479094916,14.5574384846298
"38","38","铅钡","component_11",1,FALSE,0.140147085951119,0.0844933260246953,0.233312229830003
"38","38","铅钡","component_12",1,FALSE,0.286669349908759,0.169532475267082,0.465664465131868
"38","38","铅钡","component_13",1,FALSE,0.0182537582408403,0.0105720560298976,0.0309504068611077
"38","38","铅钡","component_14",1,FALSE,0.0150427052591875,0.0085990448640938,0.0270076677564281
"39","39","铅钡","component_1",1,FALSE,57.6800316514526,51.8579659265564,63.0132234314671
"39","39","铅钡","component_2",1,FALSE,0.030753971394216,0.0167190651994727,0.0517117641044746
"39","39","铅钡","component_3",1,FALSE,0.0242005690967816,0.0146395785075215,0.0405847755493756
"39","39","铅钡","component_4",1,FALSE,0.620971864973749,0.395347041611652,1.03122246689188
"39","39","铅钡","component_5",1,FALSE,0.0218648673556355,0.0123940812074498,0.0388969994947422
"39","39","铅钡","component_6",1,FALSE,0.676526174566491,0.446564253078197,1.02030970879348
"39","39","铅钡","component_7",1,FALSE,0.0177344300397351,0.0102313777424528,0.0306233711976547
"39","39","铅钡","component_8",1,FALSE,0.679609005218328,0.422061823423085,1.13063445098704
"39","39","铅钡","component_9",1,FALSE,29.8996947597029,25.1694985471724,35.1977000338579
"39","39","铅钡","component_10",1,FALSE,9.20577439092988,6.72909614230142,12.6373828821245
"39","39","铅钡","component_11",1,FALSE,0.394718719158814,0.236672743225395,0.655749690862148
"39","39","铅钡","component_12",1,FALSE,0.496943010112014,0.296021814679976,0.804467793410058
"39","39","铅钡","component_13",1,FALSE,0.0214025608019652,0.0122540017694533,0.0362414499042479
"39","39","铅钡","component_14",1,FALSE,0.0176267914741042,0.0100959174740757,0.0317325807414622
"40","40","铅钡","component_1",1,FALSE,44.2745920326354,38.5255680473215,49.8146088519034
"40","40","铅钡","component_2",1,FALSE,0.0369988273219563,0.0202308891611408,0.0623854986933174
"40","40","铅钡","component_3",1,FALSE,0.0291082609935292,0.0175317155339409,0.0489297430661802
"40","40","铅钡","component_4",1,FALSE,1.26078781247675,0.807401052962744,2.08868594061478
"40","40","铅钡","component_5",1,FALSE,0.0263926004053211,0.0149377807518011,0.0467320557736388
"40","40","铅钡","component_6",1,FALSE,0.734727153574218,0.479185805996748,1.11612960747541
"40","40","铅钡","component_7",1,FALSE,0.205860031696614,0.118301566608855,0.356646605559791
"40","40","铅钡","component_8",1,FALSE,0.0184032349182473,0.0113108336736265,0.0306224247670837
"40","40","铅钡","component_9",1,FALSE,41.453820211757,35.9117759415924,47.2425240786282
"40","40","铅钡","component_10",1,FALSE,10.2999182393529,7.56788622628234,14.0417935085154
"40","40","铅钡","component_11",1,FALSE,0.727603604413412,0.435479598497166,1.20657269744246
"40","40","铅钡","component_12",1,FALSE,0.66776788380999,0.394962185015864,1.08501723116208
"40","40","铅钡","component_13",1,FALSE,0.0258398726848043,0.0147170903868192,0.0434507652590626
"40","40","铅钡","component_14",1,FALSE,0.0211887792318624,0.012158766742922,0.0381290445413743
"41","41","铅钡","component_1",1,FALSE,44.6969809207443,39.5198558968716,49.9144824957085
"41","41","铅钡","component_2",1,FALSE,0.0322147585679053,0.0174817587456209,0.0537458396874969
"41","41","铅钡","component_3",1,FALSE,0.592045447517763,0.357272119163002,0.997562864645755
"41","41","铅钡","component_4",1,FALSE,3.06667237379995,1.95287778652871,5.02810379234847
"41","41","铅钡","component_5",1,FALSE,3.3273508236189,1.92197592768462,5.79559907154928
"41","41","铅钡","component_6",1,FALSE,4.95887709874039,3.29838876296949,7.34782971092648
"41","41","铅钡","component_7",1,FALSE,1.77016553489471,1.01603876673985,3.03796704217642
"41","41","铅钡","component_8",1,FALSE,0.16148914758211,0.100516122423695,0.266674270804216
"41","41","铅钡","component_9",1,FALSE,23.7224124567062,19.8578900328156,28.051469403326
"41","41","铅钡","component_10",1,FALSE,13.7038592141179,10.1236882294939,18.4992941245121
"41","41","铅钡","component_11",1,FALSE,2.79904078896803,1.6852107740105,4.52955080020447
"41","41","铅钡","component_12",1,FALSE,0.421807799689177,0.25033970636835,0.677806700087754
"41","41","铅钡","component_13",1,FALSE,0.0223847341011231,0.0128909407815281,0.0375064497402819
"41","41","铅钡","component_14",1,FALSE,0.0184166831638656,0.0105938375888586,0.0328954470701021
"43部位1","43","铅钡","component_1",1,FALSE,34.6023191147557,29.7824930097508,39.5018459622741
"43部位1","43","铅钡","component_2",1,FALSE,0.0374188809739074,0.0205700881165434,0.0623148561334661
"43部位1","43","铅钡","component_3",1,FALSE,0.0293574547642343,0.0175905427808715,0.0497429197688773
"43部位1","43","铅钡","component_4",1,FALSE,3.73606507068085,2.39171488520558,6.02243151688942
"43部位1","43","铅钡","component_5",1,FALSE,1.24716695499235,0.713050196049113,2.20712734753238
"43部位1","43","铅钡","component_6",1,FALSE,3.87188947846584,2.54397019815444,5.83128300493117
"43部位1","43","铅钡","component_7",1,FALSE,0.869258113027366,0.496460992985469,1.49069725181629
"43部位1","43","铅钡","component_8",1,FALSE,5.27143381039316,3.3130700223155,8.44515443248466
"43部位1","43","铅钡","component_9",1,FALSE,37.1634433521793,31.7525793003305,42.6440985650146
"43部位1","43","铅钡","component_10",1,FALSE,11.7889464430946,8.71200428535257,15.8909594598
"43部位1","43","铅钡","component_11",1,FALSE,0.00818254408359012,0.00483420372482516,0.0137156433825712
"43部位1","43","铅钡","component_12",1,FALSE,0.660719537727128,0.39073631614677,1.07099604804957
"43部位1","43","铅钡","component_13",1,FALSE,0.0261303148388938,0.0149242775713769,0.0441224874995665
"43部位1","43","铅钡","component_14",1,FALSE,0.0214537870752368,0.0123541338917791,0.038458204864422
"43部位2","43","铅钡","component_1",1,FALSE,52.4373681885528,47.3039517990287,57.5523161524348
"43部位2","43","铅钡","component_2",1,FALSE,0.0330776558898494,0.0181061702753622,0.0553278136029473
"43部位2","43","铅钡","component_3",1,FALSE,0.0260838020683209,0.0158038364539312,0.0439578535572097
"43部位2","43","铅钡","component_4",1,FALSE,3.95637036204335,2.55014359765312,6.43864168817576
"43部位2","43","铅钡","component_5",1,FALSE,1.15878884073766,0.651630255709162,2.02704829842259
"43部位2","43","铅钡","component_6",1,FALSE,5.0962571448125,3.40018224277961,7.55054157854104
"43部位2","43","铅钡","component_7",1,FALSE,1.37475533673209,0.78862051803437,2.36878201849296
"43部位2","43","铅钡","component_8",1,FALSE,1.28930492255425,0.801249032088432,2.11852835569066
"43部位2","43","铅钡","component_9",1,FALSE,24.032878519813,20.0932542958313,28.5478926368782
"43部位2","43","铅钡","component_10",1,FALSE,4.56786064274809,3.29252113258508,6.4025906845998
"43部位2","43","铅钡","component_11",1,FALSE,4.81592281338747,2.95422175027285,7.71275010805795
"43部位2","43","铅钡","component_12",1,FALSE,0.420900215278541,0.250921145414501,0.677491614279654
"43部位2","43","铅钡","component_13",1,FALSE,0.0230510689423382,0.013168796382403,0.0389417149363169
"43部位2","43","铅钡","component_14",1,FALSE,0.0189428268588788,0.0109489961520289,0.03411905764107
"48","48","铅钡","component_1",1,FALSE,72.7529804006106,66.9958683344544,77.3384160075138
"48","48","铅钡","component_2",1,FALSE,0.769417460598264,0.423145892613104,1.27970783313099
"48","48","铅钡","component_3",1,FALSE,0.243570857731098,0.14639157225534,0.408833714725598
"48","48","铅钡","component_4",1,FALSE,0.983781042086384,0.626657748223642,1.63720159766056
"48","48","铅钡","component_5",1,FALSE,1.05416459759222,0.586971600995602,1.8472927545819
"48","48","铅钡","component_6",1,FALSE,11.4660096248561,7.78242417073416,16.7086200193109
"48","48","铅钡","component_7",1,FALSE,0.573106761752544,0.332477815688868,0.98065699541609
"48","48","铅钡","component_8",1,FALSE,0.00949143031909892,0.00588181424934879,0.0156383404224826
"48","48","铅钡","component_9",1,FALSE,4.75955997258235,3.80585112922072,5.96344534358209
"48","48","铅钡","component_10",1,FALSE,5.78512189172136,4.14092965967999,8.06487242859805
"48","48","铅钡","component_11",1,FALSE,0.232672489112441,0.141727173542451,0.384707796422129
"48","48","铅钡","component_12",1,FALSE,0.126192919478042,0.0731845670465704,0.206153862406445
"48","48","铅钡","component_13",1,FALSE,0.875802381380477,0.517689061006055,1.47054719101632
"48","48","铅钡","component_14",1,FALSE,0.0109173921652543,0.00623820406473044,0.019638894967566
"49","49","铅钡","component_1",1,FALSE,59.0623746420215,53.8731504924578,63.8496174443323
"49","49","铅钡","component_2",1,FALSE,0.027698573250477,0.0151668884287706,0.046584276428553
"49","49","铅钡","component_3",1,FALSE,0.0218821833457899,0.0132185662690049,0.0367995354423875
"49","49","铅钡","component_4",1,FALSE,2.40603252553215,1.53350841479032,3.94331283314318
"49","49","铅钡","component_5",1,FALSE,1.51490774667053,0.85972049940824,2.65230070099027
"49","49","铅钡","component_6",1,FALSE,6.7971127402887,4.57092335305185,10.0814390925658
"49","49","铅钡","component_7",1,FALSE,2.29400143083563,1.33064451574352,3.89961251701647
"49","49","铅钡","component_8",1,FALSE,0.504611275809908,0.313507783402695,0.83547626342788
"49","49","铅钡","component_9",1,FALSE,15.5779282416065,12.7884248736815,18.8548772107782
"49","49","铅钡","component_10",1,FALSE,7.25886619894836,5.2631832334773,10.0315404974908
"49","49","铅钡","component_11",1,FALSE,3.53627881209753,2.16681472525857,5.7064574940476
"49","49","铅钡","component_12",1,FALSE,0.34963438506448,0.208565984875101,0.565565090154054
"49","49","铅钡","component_13",1,FALSE,0.019263894719251,0.0112046996865369,0.0326098967028056
"49","49","铅钡","component_14",1,FALSE,0.0158370588990764,0.00915111449175132,0.028380763209844
"50","50","铅钡","component_1",1,FALSE,44.7258860887888,39.1443490233117,50.2540633168067
"50","50","铅钡","component_2",1,FALSE,0.0317347231774025,0.0170245117458862,0.0530765356116302
"50","50","铅钡","component_3",1,FALSE,0.0249483197433334,0.0150105977462781,0.0422117840052881
"50","50","铅钡","component_4",1,FALSE,2.02735827671137,1.28506645407158,3.34216846641604
"50","50","铅钡","component_5",1,FALSE,0.586983226482253,0.335327178278064,1.0490849076991
"50","50","铅钡","component_6",1,FALSE,2.85802959116831,1.88022274636375,4.30983342017614
"50","50","铅钡","component_7",1,FALSE,0.33423950172858,0.189941028184305,0.577081530917023
"50","50","铅钡","component_8",1,FALSE,0.983893857615408,0.617115638497979,1.64176032755341
"50","50","铅钡","component_9",1,FALSE,24.3526723835134,20.3282925313275,28.8673065019892
"50","50","铅钡","component_10",1,FALSE,20.4948044085876,15.525001402419,26.8920205652297
"50","50","铅钡","component_11",1,FALSE,2.43796654860038,1.45763835681126,4.02428704268798
"50","50","铅钡","component_12",1,FALSE,0.606902503423465,0.361095124953397,0.98637607334281
"50","50","铅钡","component_13",1,FALSE,0.022052044291139,0.0127723665693858,0.0369265897699488
"50","50","铅钡","component_14",1,FALSE,0.0182148225798176,0.0104524219199413,0.0328594458070207
"51部位1","51","铅钡","component_1",1,FALSE,53.0807763672385,47.644824563962,58.1909431920256
"51部位1","51","铅钡","component_2",1,FALSE,0.0291005694036322,0.0158856507427091,0.0485655298342354
"51部位1","51","铅钡","component_3",1,FALSE,0.0228854617875057,0.0138044591716601,0.0384003622860282
"51部位1","51","铅钡","component_4",1,FALSE,1.97238835259912,1.25330296454532,3.26586615908651
"51部位1","51","铅钡","component_5",1,FALSE,1.28800464210649,0.732878987112628,2.2671141971431
"51部位1","51","铅钡","component_6",1,FALSE,6.96990354123703,4.69983424986194,10.2554651980666
"51部位1","51","铅钡","component_7",1,FALSE,1.04325078256006,0.600710672008987,1.79841026020326
"51部位1","51","铅钡","component_8",1,FALSE,1.03967525488909,0.646462949374529,1.71276086425375
"51部位1","51","铅钡","component_9",1,FALSE,19.2757573677825,15.967696201546,23.1017411994968
"51部位1","51","铅钡","component_10",1,FALSE,11.1813277600421,8.19518989399236,15.2153795675916
"51部位1","51","铅钡","component_11",1,FALSE,2.70823231403555,1.63865009254728,4.42211319868879
"51部位1","51","铅钡","component_12",1,FALSE,0.311444591517722,0.184618562888213,0.503463402715544
"51部位1","51","铅钡","component_13",1,FALSE,0.497015600539468,0.290777552191314,0.840218556027213
"51部位1","51","铅钡","component_14",1,FALSE,0.016612840381225,0.00960255313452766,0.0297571689795196
"51部位2","51","铅钡","component_1",1,FALSE,55.5524256605356,49.9798350714094,60.9328811842972
"51部位2","51","铅钡","component_2",1,FALSE,0.0337298047319853,0.0184614229164238,0.0571430696013532
"51部位2","51","铅钡","component_3",1,FALSE,0.0266663298274172,0.0161925208201772,0.0446519881256867
"51部位2","51","铅钡","component_4",1,FALSE,3.41048166618485,2.18703453740723,5.5695254177106
"51部位2","51","铅钡","component_5",1,FALSE,1.90830593199796,1.0761331846091,3.35348681060256
"51部位2","51","铅钡","component_6",1,FALSE,4.0340516475302,2.67835983847612,6.05026086219198
"51部位2","51","铅钡","component_7",1,FALSE,0.445564383834531,0.259322450583527,0.774525891420172
"51部位2","51","铅钡","component_8",1,FALSE,0.689603139052354,0.427573549013727,1.13308021122632
"51部位2","51","铅钡","component_9",1,FALSE,29.6808139362656,24.9454113700141,34.9646087414097
"51部位2","51","铅钡","component_10",1,FALSE,0.0276665905830158,0.0196868122196881,0.0397384750742004
"51部位2","51","铅钡","component_11",1,FALSE,3.54424171649121,2.16414479418249,5.68054685071737
"51部位2","51","铅钡","component_12",1,FALSE,0.0176534351301275,0.0104990334601329,0.0286805678555795
"51部位2","51","铅钡","component_13",1,FALSE,0.0235587494811227,0.0135018382174039,0.0395470208897075
"51部位2","51","铅钡","component_14",1,FALSE,0.0194116375368858,0.0111467497040128,0.0349078289095981
"52","52","铅钡","component_1",1,FALSE,56.7261504485955,51.4553070771001,61.9659456343146
"52","52","铅钡","component_2",1,FALSE,1.90069834791109,1.04238623712778,3.1764489603555
"52","52","铅钡","component_3",1,FALSE,0.0232107632767312,0.0139204654010923,0.0391228380150627
"52","52","铅钡","component_4",1,FALSE,1.2777943280352,0.81545410052373,2.10723694657439
"52","52","铅钡","component_5",1,FALSE,0.609347240144685,0.346036712221141,1.08000248631499
"52","52","铅钡","component_6",1,FALSE,1.57634801795087,1.04237995010132,2.38532915236418
"52","52","铅钡","component_7",1,FALSE,0.207337378969256,0.118709525749472,0.357765511009982
"52","52","铅钡","component_8",1,FALSE,0.541790099485644,0.337310264455849,0.897200177732095
"52","52","铅钡","component_9",1,FALSE,23.3041614966541,19.4181718630201,27.7022883165121
"52","52","铅钡","component_10",1,FALSE,11.0548431359893,8.17796424399278,15.0224681716982
"52","52","铅钡","component_11",1,FALSE,1.95305741171959,1.18300711589322,3.20124636024423
"52","52","铅钡","component_12",1,FALSE,0.360597630602459,0.215021847153666,0.581513189235863
"52","52","铅钡","component_13",1,FALSE,0.0204194663068297,0.0117595069287598,0.0346253314058943
"52","52","铅钡","component_14",1,FALSE,0.0168462987087693,0.00968103905579903,0.0302940549722785
"54","54","铅钡","component_1",1,FALSE,50.1166842862572,44.6380715177968,55.466207139665
"54","54","铅钡","component_2",1,FALSE,0.0317186716914224,0.0172838756946477,0.0532880820991188
"54","54","铅钡","component_3",1,FALSE,0.40092409421996,0.243803981159473,0.670955537552737
"54","54","铅钡","component_4",1,FALSE,1.83147216890253,1.16427931403618,3.02680316928689
"54","54","铅钡","component_5",1,FALSE,1.44804506902966,0.820117939687752,2.54143680139693
"54","54","铅钡","component_6",1,FALSE,5.76497940581954,3.85385087859951,8.4872352437385
"54","54","铅钡","component_7",1,FALSE,0.0183010224165798,0.0105203916603105,0.0318761656985083
"54","54","铅钡","component_8",1,FALSE,0.657884633368434,0.409072744199092,1.08410025207951
"54","54","铅钡","component_9",1,FALSE,27.7511716028399,23.4192171936668,32.5523612762044
"54","54","铅钡","component_10",1,FALSE,9.18969584414916,6.69213107519328,12.6132003876932
"54","54","铅钡","component_11",1,FALSE,1.48249268199494,0.88869483966792,2.42974829693387
"54","54","铅钡","component_12",1,FALSE,0.735145694362579,0.435605891183413,1.18337295607708
"54","54","铅钡","component_13",1,FALSE,0.0221168164256875,0.0127940219744516,0.0372396993848928
"54","54","铅钡","component_14",1,FALSE,0.0182018218562152,0.0104496430776434,0.0325753830830054
"54严重风化点","54","铅钡","component_1",2,TRUE,47.1770825080528,41.4675898354615,52.8875980923642
"54严重风化点","54","铅钡","component_2",2,TRUE,0.0378572696203325,0.0206914568407839,0.0637637305320343
"54严重风化点","54","铅钡","component_3",2,TRUE,0.0297721927404021,0.0180183545222147,0.0499416820077878
"54严重风化点","54","铅钡","component_4",2,TRUE,0.01365370625147,0.00864979341865458,0.0227587646055641
"54严重风化点","54","铅钡","component_5",2,TRUE,1.55102644726368,0.874211343452815,2.69061606779227
"54严重风化点","54","铅钡","component_6",2,TRUE,6.20599433945809,4.17735076509784,9.2241989951015
"54严重风化点","54","铅钡","component_7",2,TRUE,0.021881732397996,0.0126586100930923,0.0379507727932319
"54严重风化点","54","铅钡","component_8",2,TRUE,1.29922997662305,0.81492075083062,2.17449174412026
"54严重风化点","54","铅钡","component_9",2,TRUE,35.8128625405472,30.5973612074901,41.4587639442567
"54严重风化点","54","铅钡","component_10",2,TRUE,0.0311056735697073,0.0222617726195744,0.0442032112529318
"54严重风化点","54","铅钡","component_11",2,TRUE,6.06247198409524,3.71638035420429,9.68933706196462
"54严重风化点","54","铅钡","component_12",2,TRUE,1.1429964435027,0.676436571386176,1.85497878520468
"54严重风化点","54","铅钡","component_13",2,TRUE,0.0263462034616386,0.0150628195774432,0.044133618050329
"54严重风化点","54","铅钡","component_14",2,TRUE,0.0217304561915017,0.012465652961662,0.0389568264067345
"56","56","铅钡","component_1",1,FALSE,58.7632335813297,52.6762392774662,64.4825513644873
"56","56","铅钡","component_2",1,FALSE,0.0262760245999815,0.0141379703110069,0.0443254470103872
"56","56","铅钡","component_3",1,FALSE,0.0207370975029776,0.0124609136375955,0.0350468233372407
"56","56","铅钡","component_4",1,FALSE,0.62463303926708,0.393007569119653,1.03770569034494
"56","56","铅钡","component_5",1,FALSE,0.0186691996298446,0.0106664491720433,0.0335276563485212
"56","56","铅钡","component_6",1,FALSE,2.29565123196511,1.51186567877419,3.46148049155529
"56","56","铅钡","component_7",1,FALSE,0.0152334934757648,0.00867014352347444,0.0262227640689997
"56","56","铅钡","component_8",1,FALSE,0.55709180571272,0.3471078111167,0.936683316151781
"56","56","铅钡","component_9",1,FALSE,18.5249756372808,15.188370210411,22.3077046403778
"56","56","铅钡","component_10",1,FALSE,18.036931794707,13.6104802089578,23.8331806859365
"56","56","铅钡","component_11",1,FALSE,0.793160818355292,0.475451828711523,1.32616354591325
"56","56","铅钡","component_12",1,FALSE,0.0138174260863638,0.00814372743585656,0.0224702964446954
"56","56","铅钡","component_13",1,FALSE,0.0182648915988854,0.0105929670498836,0.0310174918274347
"56","56","铅钡","component_14",1,FALSE,0.0150955308889305,0.00864993466195001,0.0271365599108087
"57","57","铅钡","component_1",1,FALSE,53.2297366483827,46.9697132171802,59.2598475355744
"57","57","铅钡","component_2",1,FALSE,0.0273529483110316,0.0146373314920125,0.0461877691706108
"57","57","铅钡","component_3",1,FALSE,0.0215686795337556,0.0129384359595728,0.0364877762834599
"57","57","铅钡","component_4",1,FALSE,0.702908890021769,0.440703285652342,1.16742881784614
"57","57","铅钡","component_5",1,FALSE,0.0194351341858243,0.0111225540346577,0.0348195622034469
"57","57","铅钡","component_6",1,FALSE,2.81188013017868,1.83955667550341,4.20230039018745
"57","57","铅钡","component_7",1,FALSE,0.0158322300598934,0.00899063582528443,0.0272793336089513
"57","57","铅钡","component_8",1,FALSE,0.849269388064763,0.530876795133226,1.4250014624735
"57","57","铅钡","component_9",1,FALSE,21.0339658671369,17.3371076287495,25.1947666751015
"57","57","铅钡","component_10",1,FALSE,20.944869291595,15.9631406712159,27.4084215695995
"57","57","铅钡","component_11",1,FALSE,0.00599904606149946,0.00356348632034964,0.0100737957052941
"57","57","铅钡","component_12",1,FALSE,0.0143530533126816,0.00846055264752473,0.0234392774122154
"57","57","铅钡","component_13",1,FALSE,0.0190545017779287,0.011035013872191,0.0320929938605951
"57","57","铅钡","component_14",1,FALSE,0.0157120955188259,0.00901171690745611,0.0283531309494887
"58","58","铅钡","component_1",1,FALSE,60.200782096245,55.167050657291,65.1596831984997
"58","58","铅钡","component_2",1,FALSE,0.0276674208554747,0.0150435149270867,0.0463047340936088
"58","58","铅钡","component_3",1,FALSE,0.376089368189725,0.226945646754296,0.636627705757286
"58","58","铅钡","component_4",1,FALSE,1.77011337773892,1.12633877043264,2.90828263327443
"58","58","铅钡","component_5",1,FALSE,0.78435002361668,0.44607870490123,1.3891390898488
"58","58","铅钡","component_6",1,FALSE,4.29310769491524,2.87295976208734,6.41479830750239
"58","58","铅钡","component_7",1,FALSE,0.694243981417181,0.398236591649378,1.19575400169118
"58","58","铅钡","component_8",1,FALSE,2.18277891607237,1.36244060764949,3.56414700819337
"58","58","铅钡","component_9",1,FALSE,17.3376455413422,14.2565320014884,20.9187572731556
"58","58","铅钡","component_10",1,FALSE,8.80115205691094,6.42271059408637,12.0535244674514
"58","58","铅钡","component_11",1,FALSE,2.76089904383893,1.68380906835718,4.5105894999296
"58","58","铅钡","component_12",1,FALSE,0.176584384350529,0.10489490909122,0.283854292047725
"58","58","铅钡","component_13",1,FALSE,0.0192202409863618,0.0111542570097644,0.0327613734575453
"58","58","铅钡","component_14",1,FALSE,0.0158235511153692,0.0091192247025025,0.0283367833389624
